<?xml version="1.0" encoding="UTF-8"?>
<schemalist gettext-domain="dim-background-windows@stephane-13.github.com">
  <schema id="org.gnome.shell.extensions.dim-background-windows" path="/org/gnome/shell/extensions/dim-background-windows/">
    <key name="brightness" type="d">
      <default>0.8</default>
      <summary>Brightness %</summary>
      <description>Set the brightness factor - 100% for no reduction to 10% for very dark background windows.</description>
    </key>
    <key name="saturation" type="d">
      <default>0.8</default>
      <summary>Saturation %</summary>
      <description>Set the saturation factor - 100% for no reduction to 0% for full grayscale.</description>
    </key>
    <key name="toggle-shortcut" type="as">
      <default><![CDATA[['<Super>g']]]></default>
      <summary>Dimming toggle key</summary>
      <description>Shortcut key to toggle the background windows dimming on or off.</description>
    </key>
    <key name="dimming-enabled" type="b">
      <default>true</default>
      <summary>Dimming effect status</summary>
      <description>Control if the dimming effect is on or off while the extension is enabled. Used with the shortcut key above.</description>
    </key>
    <key name="target-monitor" type="s">
      <default>"all"</default>
      <summary>Defines on which monitor(s) the dimming effect is enabled</summary>
      <description>Control if the dimming effect is applied only to the primary monitor, only to the secondary monitor(s) or to all monitors.</description>
    </key>
    <key name="dim-always-on-top" type="b">
      <default>true</default>
      <summary>Allowing dimming of windows marked as always on top</summary>
      <description>Control if the dimming effect is on or off for windows marked as always on top.</description>
    </key>
    <key name="dim-maximized" type="b">
      <default>true</default>
      <summary>Allowing dimming of maximized windows</summary>
      <description>Control if the dimming effect is on or off for maximized windows.</description>
    </key>
    <key name="dim-tiled" type="b">
      <default>true</default>
      <summary>Allowing dimming of tiled windows</summary>
      <description>Control if the dimming effect is on or off for tiled windows.</description>
    </key>
  </schema>
</schemalist>
