<?xml version="1.0" encoding="UTF-8"?>
<schemalist gettext-domain="dim-background-windows@stephane-13.github.com">
  <schema id="org.gnome.shell.extensions.dim-background-windows" path="/org/gnome/shell/extensions/dim-background-windows/">
    <key name="brightness" type="d">
      <default>0.8</default>
      <summary>Brightness %</summary>
      <description>Set the brightness factor - 1.0 for no reduction to 0.1 for very dark background windows.</description>
    </key>
    <key name="saturation" type="d">
      <default>0.8</default>
      <summary>Saturation %</summary>
      <description>Set the saturation factor - 1.0 for no reduction to 0.0 for full grayscale.</description>
    </key>
    <key name="brightness-night-light-override" type="b">
      <default>false</default>
      <summary>Use a different brightness factor when night light mode is enabled</summary>
      <description>This determines if the brightness factor for night light is used or not.</description>
    </key>
    <key name="brightness-night-light" type="d">
      <default>0.8</default>
      <summary>Brightness Night Light Factor %</summary>
      <description>Set the brightness factor when the display night light is enabled - 1.0 for no reduction to 0.1 for very dark background windows.</description>
    </key>
    <key name="saturation-night-light-override" type="b">
      <default>false</default>
      <summary>Use a different saturation factor when night light mode is enabled</summary>
      <description>This determines if the saturation factor for night light is used or not.</description>
    </key>
    <key name="saturation-night-light" type="d">
      <default>0.8</default>
      <summary>Saturation Night Light Factor %</summary>
      <description>Set the saturation factor when the display night light is enabled - 1.0 for no reduction to 0.0 for full grayscale.</description>
    </key>
    <key name="brightness-dark-style-override" type="b">
      <default>false</default>
      <summary>Use a different brightness factor when dark style appearance is enabled</summary>
      <description>This determines if the brightness factor for dark style appearance is used or not.</description>
    </key>
    <key name="brightness-dark-style" type="d">
      <default>0.8</default>
      <summary>Brightness Dark Style Factor %</summary>
      <description>Set the brightness factor when dark style appearance is enabled - 1.0 for no reduction to 0.1 for very dark background windows.</description>
    </key>
    <key name="saturation-dark-style-override" type="b">
      <default>false</default>
      <summary>Use a different saturation factor when dark style appearance is enabled</summary>
      <description>This determines if the saturation factor for dark style appearance is used or not.</description>
    </key>
    <key name="saturation-dark-style" type="d">
      <default>0.8</default>
      <summary>Saturation Dark Style Factor %</summary>
      <description>Set the saturation factor when dark style appearance is enabled - 1.0 for no reduction to 0.0 for full grayscale.</description>
    </key>
    <key name="toggle-shortcut" type="as">
      <default><![CDATA[['<Super>g']]]></default>
      <summary>Dimming toggle key</summary>
      <description>Shortcut key to toggle the background windows dimming on or off.</description>
    </key>
    <key name="dimming-enabled" type="b">
      <default>true</default>
      <summary>Dimming effect status</summary>
      <description>Control if the dimming effect is on or off while the extension is enabled. Used with the shortcut key above.</description>
    </key>
    <key name="target-monitor" type="s">
      <default>"all"</default>
      <summary>Defines on which monitor(s) the dimming effect is enabled</summary>
      <description>Control if the dimming effect is applied only to the primary monitor, only to the secondary monitor(s) or to all monitors.</description>
    </key>
    <key name="dim-always-on-top" type="b">
      <default>true</default>
      <summary>Allowing dimming of windows marked as always on top</summary>
      <description>Control if the dimming effect is on or off for windows marked as always on top.</description>
    </key>
    <key name="dim-maximized" type="b">
      <default>true</default>
      <summary>Allowing dimming of maximized windows</summary>
      <description>Control if the dimming effect is on or off for maximized windows.</description>
    </key>
    <key name="dim-tiled" type="b">
      <default>true</default>
      <summary>Allowing dimming of tiled windows</summary>
      <description>Control if the dimming effect is on or off for tiled windows.</description>
    </key>
  </schema>
</schemalist>
